{"cameraMode":{"drawMode":0,"name":"Shaded","section":"Shading Mode"},"sceneLighting":false,"audioPlay":false,"sceneViewState":{"showFog":true,"showMaterialUpdate":false,"showSkybox":true,"showFlares":true,"showImageEffects":true,"showParticleSystems":true},"in2DMode":false,"pivot":{"x":-0.22417783737182618,"y":2.4139046669006349,"z":0.28208082914352419},"rotation":{"x":-0.10262282937765122,"y":0.7577019333839417,"z":-0.12290707975625992,"w":-0.6326534152030945},"size":2.336005210876465,"orthographic":false}