{"cameraMode":{"drawMode":0,"name":"Shaded","section":"Shading Mode"},"sceneLighting":false,"audioPlay":false,"sceneViewState":{"showFog":true,"showMaterialUpdate":false,"showSkybox":true,"showFlares":true,"showImageEffects":true,"showParticleSystems":true},"in2DMode":false,"pivot":{"x":-0.0022525787353515627,"y":1.8718851804733277,"z":0.07051625847816467},"rotation":{"x":-0.10262282937765122,"y":0.7577019333839417,"z":-0.12290707975625992,"w":-0.6326534152030945},"size":4.13600492477417,"orthographic":false}