{"cameraMode":{"drawMode":0,"name":"Shaded","section":"Shading Mode"},"sceneLighting":true,"audioPlay":false,"sceneViewState":{"showFog":true,"showMaterialUpdate":false,"showSkybox":true,"showFlares":true,"showImageEffects":true,"showParticleSystems":true},"in2DMode":false,"pivot":{"x":-0.11633218079805374,"y":1.9814213514328004,"z":-0.5026721358299255},"rotation":{"x":-0.11830009520053864,"y":0.7394034266471863,"z":-0.13478142023086549,"w":-0.6489388942718506},"size":3.8560304641723635,"orthographic":false}